id,cantor,título,letra
1,Banda Sentimentos,Sentimentos,"Tudo começou a muito tempo
Eu sempre escondi meus sentimentos
Mas hoje eu vim aqui pra te dizer
Eu quero ser bem mais que um amigo pra você

Explica porque não tô entendendo
Eu sempre te falei nossa amizade vem primeiro
Desculpa não quero te ver sofrendo
Te amo mas só que não desse jeito

Vou deixar o tempo passar, e o que for de ser será
Mas não vou deixar de te amar
Quem sabe um dia, seus sentimentos possam mudar
Eu não sei o que te falar, mas prometo não me afastar
Não vou deixar o tempo passar
Quem sabe um dia seus sentimentos possam mudar

Vou deixar o tempo passar, e o que for de ser será
Mas não vou deixar de te amar
Quem sabe um dia, seus sentimentos possam mudar

Eu não sei o que te falar, mas prometo não me afastar
Não vou deixar o tempo passar
Quem sabe um dia seus sentimentos possam mudar"
2,Banda Sentimentos,Onde Estás,"Faz um tempo que você me deixou
Sofrendo com essa dor
Olhe um pouco para trás
O quanto me magoou
Eu, feito boba, acreditei
Fez sofrer quem mais te amou
Mais te amou

Tua boca, teu olhar, teu sorriso
Disso, sim, que eu preciso
Se te tenho do meu lado
Me sinto no paraíso
Volta logo
Nunca mais, não sou mais feliz contigo
Não contigo

E onde estás? Tu sem mim
Encontrei um novo amor que é fiel a mim
Esse, sim, me dá valor
E como fico?
Já falei, sinto muito, acabou, acabou

Tua boca, teu olhar, teu sorriso
Disso, sim, que eu preciso
Se te tenho do meu lado
Me sinto no paraíso
Volta logo
Nunca mais, não sou mais feliz contigo
Não contigo

E onde estás? Tu sem mim
Encontrei um novo amor que é fiel a mim
Esse, sim, me dá valor
E como fico?
Já falei, sinto muito, acabou, acabou

E onde estás? Tu sem mim
Encontrei um novo amor que é fiel a mim
Esse, sim, me dá valor
E como fico?
Já falei, sinto muito, acabou, acabou"
3,Banda Sentimentos,Pouca Roupa,"Ai que delicia que é te ver de pouca roupa
Ai que delícia que é beijar a sua boca
Ai que delícia que é te ver embriagada e suada de amor, de amor

Fecha a janela, tranca a porta e liga o abajur
Sou sua sombra na parede com seu corpo nu
Encenação de excitação é um tesão te ver assim
Todo pra mim, amor

Joga o vinho todo no seu corpo
Me chama pra eu ir tirando aos poucos
O som ligado baixo lá no fundo
Faz você dançar

Me joga contra a porta do banheiro
Pega e bagunça o meu cabelo
Fala sussurrando em meu ouvido
Que vai fazer amor comigo

Fecha a janela, tranca o quatro e liga o abajur
Só sua sombra na parede com seu corpo nu
Encenação de excitação é um tesão te ver assim
Todo pra mim, amor

Joga o vinho todo no seu corpo
Me chama pra eu ir tirando aos poucos
O som ligado baixo lá no fundo
Faz você dançar

Me joga contra a porta do banheiro
Pega e bagunça o meu cabelo
Fala sussurrando em meu ouvido
Que vai fazer amor comigo"
4,Banda Sentimentos,Vacilou,"Amor, não faz assim
Pode confiar em mim
Eu mudei, eu mudei
E não vou mais te machucar

Eu cansei, sai daqui
Tô gostando mais de mim
Não dá mais, não dá mais
Pra gente continuar

Tu só brincou com todo amor que eu te dei
Com tudo que eu te dei

Quem nunca errou
Não consigo aceitar que acabou
Não diz que acabou, não diz que acabou

Vacilou, brincou, demais
Tu não valorizou
E baby eu não te quero mais
Por favor, meu amor
Não vai
Tu não valorizou
E baby eu não te quero mais

Baby volta pra mim
Não vou
Baby volta pra mim
Não vou

Tu não valorizou
E baby eu não te quero mais

Baby volta pra mim
Não vou
Baby volta pra mim
Não vou

Tu não valorizou
E baby eu não te quero mais"
5,Banda Sentimentos,Traição,"Por quê você fez isso comigo?
Por quê você me deu esse castigo?
Você não foi homem pra dar valor
E agora tudo terminou

Foi mal, eu não pensei naquela hora
Fui mal, eu destruir a nossa história
Por uma noite fria, eu troquei o meu amor

Já não posso mais, e arrepender
Vou ter que levar a sina de sofrer por você
Já não sei mais, se eu posso confiar em você

Sai de perto de mim, quero voltar atrás
Entenda que quando se ama a gente não trai
Por favor, esqueça o meu erro
Antes de fazer você devia pensar primeiro
Então sai de perto de mim, me perdoa eu não quero o fim
Viva sua vida, vou viver feliz"
6,Banda Sentimentos,Você não é ele,"Por favor me diz
Onde foi que eu errei
Eu sempre fiz tudo certo
Com você, jogo aberto, como vacilei?

É que antes de você
Ele já existia
Eu te falei a verdade
Isso não é novidade
Você já sabia

Mesmo sabendo resolvi apostar no amor
Me enganei achando que iria ser feliz
E agora como vou fazer pra conviver com a dor
Me diz

Te pelo uma chance
(Não dá, não dá mais)
Te juro ser, melhor que antes
Não acabe o nosso romance

Estou com você
Mas é nele que eu penso
E esse é o motivo do clima estar tenso
Me desculpa se você não é água que mata minha sede
Eu sei que você não tem culpa

Estou com você
Mas é nele que eu penso
E esse é o motivo do clima estar tenso
Me desculpa se você não é água que mata minha sede
Eu sei que você não tem culpa
Mas o problema é que você não é ele"
7,Mc Tocha,Não Vou Desistir,"Tudo que vai
Sei que uma hora volta atrás
E se não vai
É porque no fundo falta algo mais

Você sempre insiste em me procurar
Mas sabe que não vai adiantar de nada
Tá vendo que não tem mais jeito
Aceita que é o nosso fim

Não tem mais recomeço
É sempre assim, quanto mais eu tento
Você não tá nem aí
Mas eu já falei que não vou desistir de ti
Não vou desistir, não vou desistir

Saudades de mim?
Toda vez que bebe tu liga pra mim
Põe na tua cabeça que é o nosso fim
A culpa foi sua não fale de mim
É sempre assim

Todo mundo tá ligado
Raphaela Santos, a favorita

Você sempre insiste em me procurar
Mas sabe que não vai adiantar de nada
Tá vendo que não tem mais jeito
Aceita que é o nosso fim
Não tem mais recomeço

É sempre assim, quanto mais eu tento
Você não tá nem aí
Mas eu já falei que não vou desistir de ti
Não vou desistir, não vou desistir

Saudades de mim?
Toda vez que bebe tu liga pra mim
Põe na tua cabeça que é o nosso fim
A culpa foi sua não fale de mim
É sempre assim
Quanto mais eu tento
Você não tá nem aí
Mas eu já falei que não vou desistir de ti
Não vou desistir, não vou desistir

Saudades de mim?
Toda vez que bebe tu liga pra mim
Põe na tua cabeça que é o nosso fim
A culpa foi sua não fale de mim"
8,Mc Tocha,Que Delícia Amor,"Kakau Rodrigues
E o Tocha
Alô?

Passa essa noite comigo aqui
Minha cama tá com saudades de ti
Ai que delícia que é te sentir
Meu amor, eu vou te satisfazer
Tô me arrumando e vou chegar aí
Prepara o chá que eu levo a lingerie
Vamos fazer a fumaça subir
Enquanto passa o filme na TV

O filme vai ser você
O filme vai ser você
Ah-ah, ah-ah
Quero tua boca descendo meu corpo
Eu fico louco
Eu viajo em você
Não para
Sei que você gosta assim
De te sentir
Quero por cima de mim
Só pra me assistir
Não me olha assim

Ah-ah, ah-ah
Que delícia, amor
Que delícia, amor
Que delícia, amor
Ah-ah, ah-ah
Que delícia, amor
Que delícia, amor
Que delícia, amor
Ah-ah, ah-ah

Quero tua boca descendo meu corpo
Eu fico louco
Eu viajo em você
Não para
Sei que você gosta assim
De te sentir
Quero por cima de mim
Só pra me assistir
Não me olha assim

Ah-ah, ah-ah
Que delícia, amor
Que delícia, amor
Que delícia, amor
Ah-ah, ah-ah
Que delícia, amor
Que delícia, amor
Que delícia, amor
Ah-ah, ah-ah
Que delícia, amor
Que delícia, amor
Que delícia, amor
Ah-ah, ah-ah
Que delícia, amor
Que delícia, amor
Que delícia, amor"
9,Raphaela Santos,Quem É o Louco Entre Nós,"Tô lutando contra essa vontade de ligar
Digitei seu número
Mas tive que apagar
Escrevi te amo
E desisti de enviar
Te mandei embora
Pensando que ia voltar

Você botou um ponto final
Eu só queria chamar tua atenção
Confesso sem você
Eu tô mal
Agora tô chorando sentada no chão

Quem é o louco entre nós?
Quem é o louco entre nós?

Eu que disse adeus
Querendo ficar
Você que se foi
Pra não mais voltar
Eu não sei
Quem é o louco entre nós

Tô lutando contra
Essa vontade de ligar
Digitei seu número
Mas tive que apagar
Escrevi te amo
E desisti de enviar
Te mandei embora
Pensando que ia voltar

Você botou um ponto final
Eu só queria chamar sua atenção
Confesso sem você
Eu tô mal
Agora tô chorando sentada no chão

Quem é o louco entre nós?
Quem é o louco entre nós?

Eu que disse adeus
Querendo ficar
Você que se foi
Pra não mais voltar
Eu não sei
Quem é o louco entre nós

Quem é o louco entre nós?
Quem é o louco entre nós?

Eu que disse adeus
Querendo ficar
Você que se foi
Pra não mais voltar
Eu não sei
Quem é o louco entre nós

Eu não sei
Quem é o louco entre nós"
10,Raphaela Santos,Você Lembra,"Se eu tivesse te beijado mais
Escutado mais, prestado atenção em seus sinais
Não estaria no canto da sala
Te assistindo arrumar as malas

Se eu tivesse te levado
Pra jantar só nós dois
Ter um tempo, pra viajar
Iria pra Paris, eu você e essa mesma mala
Pausa, aí o tempo

Não vou perder o amor da minha vida pra arrependimento
Lembra o corpo suado dentro do meu abraço?

Olho no olho
Você lembra, dos dias difíceis
Aqui nessa casa, te fiz chorar de rir
Se tem um por cento de chance
Você vai voltar pra mim"
11,Raphaela Santos,Meio Termo,"Vida
Teu cheiro ainda tá na minha camisa
Toda vez que cê vai, uma parte fica
Só pra me assombrar

Que por mais que eu queira, você não é minha ainda
Se eu der bobeira
O que não falta é marmanjo na fila
Torcendo pra gente não vingar

Mas é a mesma coisa do lado de cá
Se não levar a gente a sério, alguém vai levar
Decide logo aí, porque água morna serve nem pra chá

Se cê não quiser nada sério, eu espero
Que não se arrependa de me devolver pra rua
Não tem meio-termo, eu não sou bagunça
Ou ama pra porra ou porra nenhuma
Se não quer nada sério, eu espero
Que não se arrependa de me devolver pra rua
Não tem meio-termo, eu não sou bagunça
Ou ama pra porra ou porra nenhuma

A favorita

Ô, vida
Teu cheiro ainda tá na minha camisa
Toda vez que cê vai, uma parte fica
Só pra me assombrar
Que por mais que eu queira, você não é minha ainda
Se eu der bobeira
O que não falta é marmanjo na fila
Torcendo pra gente não vingar
Mas é a mesma coisa do lado de cá
Se não levar a gente a sério, alguém vai levar
Decide logo aí, porque água morna serve nem pra chá

Se cê não quiser nada sério, eu espero
Que não se arrependa de me devolver pra rua
Não tem meio-termo, eu não sou bagunça
Ou ama pra porra ou porra nenhuma
Se não quer nada sério, eu espero
Que não se arrependa de me devolver pra rua
Não tem meio-termo, eu não sou bagunça
Ou ama pra porra ou porra nenhuma

Se não quer nada sério, eu espero
Que não se arrependa de me devolver pra rua
Não tem meio-termo, eu não sou bagunça
Ou ama pra porra ou porra nenhuma
Se não quer nada sério, eu espero
Que não se arrependa de me devolver pra rua
Não tem meio-termo, eu não sou bagunça
Ou ama pra porra ou porra nenhuma"
12,Raphaela Santos,Mil Perguntas,"Essa tua boca tá me convidando para te beijar (para te beijar)
Por que você insiste em me deixar triste
Quando tô tentando me aproximar?
Como uma pessoa pode ignorar sua felicidade? (Sua felicidade)
Se a gente já sabe que se ama tanto
Por que você pede para esperar?

Tenho mil perguntas, você tem desculpas
Eu só não entendo o que tá faltando pra você ficar

Tu não me assume, só me encontra de noite
Não se decide se me ama ou me ilude
Já que prefere minha cama que a sua
Escondido eu não quero mais
Tu não me assume, só me encontra de noite
Não se decide se me ama ou me ilude
Já que prefere minha cama que a sua
Escondido eu não quero mais

Essa tua boca tá me convidando para te beijar (para te beijar)
Por que você resiste em me deixar triste
Quando tô tentando me aproximar?
Como uma pessoa pode ignorar sua felicidade? (Sua felicidade)
Se a gente já sabe que se ama tanto
Por que você pede para esperar?

Tenho mil perguntas, você tem desculpas
Eu só não entendo o que tá faltando pra você ficar

Tu não me assume, só me encontra de noite
Não se decide se me ama ou me ilude
Já que prefere minha cama que a sua
Escondido eu não quero mais
Tu não me assume, só me encontra de noite
Não se decide se me ama ou me ilude
Já que prefere minha cama que a sua
Escondido eu não quero mais

Só me responda sim se for por amor
Me responda agora, eu tenho ansiedade
Veja até aonde a gente chegou
Só não diga que foi tudo uma ilusão

Tu não me assume, só me encontra de noite
Não se decide se me ama ou me ilude
Já que prefere minha cama que a sua
Escondido eu não quero mais
Tu não me assume, só me encontra de noite
Não se decide se me ama ou me ilude
Já que prefere minha cama que a sua
Escondido eu não quero mais

Essa tua boca tá me convidando para te beijar"
13,Raphaela Santos,Atuação,"Ontem quando fui deixar você
Radiante por te ver
Eu fiz a volta lentamente
Sorridente
Eu aumentei o som

Você esqueceu o celular
Eu pensei em desligar
Mas deixei ali do lado
Só que isso não foi nada bom

As mensagens não paravam de chegar
Peguei pra ver se era importante te avisar
O remetente era o mesmo das dez
Deu medo as coisas que estavam por vir

Mas meu instinto quis me proteger
O amor próprio então me obrigou a ler
E era um cara perguntando
Amor, posso te ver?

Diz por que você fez isso com meu coração
Merece um Oscar
Que brilhante atuação
Será que quando está com ele
Também finge que ama?

Quer saber
No fundo o que me fez ficar tão mal
Que os beijos, nossos planos
Nada foi real
Por que eu dormi com a inimiga em minha cama"
14,Raphaela Santos,Eu não sou ela,"O teu próximo amor
Não tem culpa do anterior
Nem dos problemas que ele te causou

Mas tem alguém
Mas tem alguém
Querendo ser
A melhor pessoa pra você
Preocupa não
Pra esse problema eu tenho a solução
Não vou fazer mal pra o seu coração

Eu não sou ela, eu não sou ela que te machucou
Eu não sou ela que te enganou
Quem tá falando é seu futuro amor

Eu não sou ela, eu não sou ela quem te machucou
Eu não sou ela quem te enganou
Quem tá falando é seu futuro amor
Esquece tudo que passou"
15,Raphaela Santos,Atual Idiota,"Idiota, como teve coragem
De prender um anjo desses na gaiola?
Idiota, ela tava na sua
Vacilão, você jogou a sorte fora

Vai ter que aguentar ela por aí
Livre pra voar, tão linda
Não vale surtar, aceita perder
É que ela já era dela antes de você

Imagina quando te perguntarem de mim
E você ter que responder assim

Ela tinha tudo, tudo que eu queria
Por fora ela é foda, por dentro mais ainda
Eu estraguei tudo por burrice minha
A coisa mais incrível que eu perdi na minha vida

Não tem volta, eu sou o ex dela, o atual idiota
Não tem volta, eu sou o ex dela, o atual idiota

Idiota, como teve coragem
De prender um anjo desses na gaiola?
Idiota, ela tava na sua
Vacilão, você jogou a sorte fora
Vai ter que aguentar ela por aí
Livre pra voar, tão linda
Não vale surtar, aceita perder
É que ela já era dela antes de você

Imagina quando te perguntarem de mim
E você ter que responder assim

Ela tinha tudo, tudo que eu queria
Por fora ela é foda, por dentro mais ainda
Eu estraguei tudo por burrice minha
A coisa mais incrível que eu perdi na minha vida

Não tem volta, eu sou o ex dela, o atual idiota
Não tem volta, eu sou o ex dela, o atual idiota

Ela tinha tudo, tudo que eu queria
Por fora ela é foda, por dentro mais ainda
Eu estraguei tudo por burrice minha
A coisa mais incrível que eu perdi na minha vida

Não tem volta, eu sou o ex dela, o atual idiota
Não tem volta, eu sou o ex dela, o atual idiota"
16,Raphaela Santos,Desbloqueado,"É, não é que seu espelho anda diferente
Tá refletindo um sorriso novo e mais atraente
Notei que seu cabelo tem mais brilho e tá cheia de vida
Seu olhar confirma que se sente muito mais bonita

Oh, a minha mão te procurou, não te sentiu
Disparei o meu sorriso que não te atingiu
Resumiu meu beijo em dois, três segundos e saiu
E esqueceu, desbloqueado, em cima da mesa
Celular vibrou: Vrum, a tela acesa e o contato estranho te perguntando

Cê já contou pra ele da gente?
Não esconde nada, não mente
Eu não dormi a noite te esperando impaciente
Cê' já contou pra ele da gente? Não esconde nada não mente
E esse digitando aí, tá' demorando tá' me consumindo
Oi?
Aqui quem fala é o que tá' sobrando, ela ainda não falou comigo mas
Calma, ela já tá indo

Ooh, a minha mão te procurou não te sentiu
Disparei o meu sorriso que não te atingiu
Resumiu meu beijo em dois, três segundos e saiu
E esqueceu, desbloqueado, em cima da mesa celular virou: Vrum, a tela acesa
E o contato estranho, te perguntando

Cê já contou pra ele da gente?
Não esconde nada, não mente
Eu não dormi a noite te esperando impaciente
Cê já contou pra ele da gente, não esconde nada não mente
E esse digitando aí, tá' demorando, tá me consumindo

Oi?
Aqui quem fala é o que tá sobrando
Ela ainda não falou comigo mas, calma, ela já tá indo"
17,Raphaela Santos,Frio da solidão,"Quando te vejo
Sinto frio em meu coração
Desesperado, está dizendo não
Fala pra mim
Que eu não mereço toda essa dor
Não faz assim, não me deixe aqui
No frio da solidão
Se você sentir a dor que estou sentindo vai voltar
E as lágrimas que você vê caindo vão secar
Se você sentir a dor que estou sentindo vai voltar
E as lágrimas que você vê caindo vão secar de amor
De amor, de amor
Vem, cura essa dor
E de amor, de amor

Fala pra mim
Que eu não mereço toda essa dor
Não faz assim, não me deixe aqui
No frio da solidão
Se você sentir a dor que estou sentindo vai voltar
E as lágrimas que você vê caindo vão secar
Se você sentir a dor que estou sentindo vai voltar
E as lágrimas que você vê caindo vão secar de amor
E de amor, de amor
Vem, cura essa dor
E de amor, de amor
Se você sentir a dor que estou sentindo vai voltar
E as lágrimas que você vê caindo vão secar
Se você sentir a dor que estou sentindo vai voltar
E as lágrimas que você vê caindo vão secar de amor
De amor, de amor
Vem, cura essa dor
De amor, de amor
Vem, cura essa dor"
18,Raphaela Santos,A Dor Desse Amor,"Perdoa se estou te ligando, amor, nesse momento
Mas me fazia falta escutar de novo só por um instante sua respiração
Só por um instante sua respiração

Desculpa, sei que estou quebrando o nosso juramento
Sei que existe outro em seu pensamento
Mas meu coração pediu pra te dizer

Que estou morrendo
Morrendo por dentro
E é tanta saudade morando em meu peito, uh
Vida, devolva minhas fantasias
Meus sonhos de viver a vida, devolva meu ar
Sem teu carinho, meu mundo fica tão vazio
E os dias quentes são tão frios
E as noites me trazem
A dor desse amor

Queria te dizer que hoje estou de bem com a vida
Que não senti nada com sua partida
Mas com um só dedo não se tapa o Sol

Que estou morrendo
Morrendo por dentro
E é tanta saudade morando em meu peito, uh
Vida, devolva minhas fantasias
Meus sonhos de viver a vida, devolva meu ar
Sem teu carinho, meu mundo fica tão vazio
E os dias quentes são tão frios
E as noites me trazem
A dor desse amor"
19,Raphaela Santos,Eu Posso Mudar,"Diz que não vai me deixar
Garoto eu não sei viver sem você
Não deixe o meu Sol se apagar
Não vá, sem você não vou suportar

Eu tenho defeitos
E você tem os seus
Entendo o seu jeito
Tente entender os meus

Por esse amor eu posso mudar
Me deixa só provar que eu te amo
Deixa eu te convencer que eu sou o amor da sua vida
Por esse amor eu posso mudar"
20,Raphaela Santos,Me Perdoa,"Nossa, eu nem sei por onde começar
Mas vou falar
Eu sei que vai doer, vamos chorar
Mas eu já não te amo

Calma, senta aqui
Não é fácil pra mim também sentir
A flor mudar de cor, virar capim
Mas acabou o encanto

Eu nunca fui santo
Mas eu tinha vontade de voltar pra casa
Falo isso aos prantos
Mas não dá pra negar que o fogo virou brasa

Desesperador, mas é melhor o fim
Pra não ter mais dor, eu vou ter que partir

Me perdoa, mas não vou voltar
Pode pôr alguém no meu lugar
Quem tá decidido dessa vez
Sou eu

Eu tô indo embora por nós dois
Sei que isso vai doer depois
Quem assume o risco dessa vez
Sou eu
Nossa, eu nem sei por onde começar
Mas vou falar
Eu sei que vai doer, vamos chorar
Mas eu já não te amo

Calma, senta aqui
Não é fácil pra mim também sentir
A flor mudar de cor, virar capim
Mas acabou o encanto

Eu nunca fui santo
Mas eu tinha vontade de voltar pra casa
Falo isso aos prantos
Mas não dá pra negar que o fogo virou brasa

Desesperador, mas é melhor o fim
Pra não ter mais dor, eu vou ter que partir

Me perdoa, mas não vou voltar
Pode pôr alguém no meu lugar
Quem tá decidido dessa vez
Sou eu

Eu tô indo embora por nós dois
Sei que isso vai doer depois
Quem assume o risco dessa vez
Sou eu

Dessa vez sou eu"
21,Raphaela Santos,Agora Eu Tô Sozinha,"Queria falar com você
O que tá acontecendo com a gente
Eu até tento te entender
Mas você continua diferente

Você pode estar com alguém
Mas mesmo assim não solta minha mão
Tu só quer brincar com meu coração
Você só foi outra decepção

Agora eu tô sozinha
Cansei das suas conversas
Não tô mas no clima, desisti desse amor
Que já não tem saída, que não tem mas volta
Eu tô de partida ver se não complica

Agora eu tô sozinha
Cansei das suas conversas não
Tô mas no clima
Desisti desse amor que já não tem saída
Eu tô de partida
Ver se não complica
O que tu fez amor não tem perdão"
22,Raphaela Santos,Como É Que Fala Não,"Eu queria não atender, te recusar
Eu só queria jogar água no teu fogo
Mas lá vou eu de novo

Eu desisto de ser difícil quando lembro
Que a cama vale o sofrimento
E que tesão não guarda ressentimento

Como é que fala não pra essa boca gostosa?
Como é que fala não pra essa foda que é foda?
Como é que fala não?
Se quem não vale nada, vale a decepção

Como é que fala não pra essa boca gostosa?
Como é que fala não pra essa foda que é foda?
Como é que fala não?
Se quem não vale nada, vale a decepção
Eu queria não atender, te recusar
Eu só queria jogar água no teu fogo
Mas lá vou eu de novo

Eu desisto de ser difícil quando lembro
Que a cama vale o sofrimento
E que tesão não guarda ressentimento

Como é que fala não pra essa boca gostosa?
Como é que fala não pra essa foda que é foda?
Como é que fala não?
Se quem não vale nada, vale a decepção

Como é que fala não pra essa boca gostosa?
Como é que fala não pra essa foda que é foda?
Como é que fala não?
Se quem não vale nada, vale a decepção"
23,Raphaela Santos,Atende Aí Bebê,"Me deixa ser de novo
Sua notificação preferida
Me deixa ser o amor da sua vida
Mais uma vez

Não deixa o seu orgulho ser maior
Que o nosso amor
Que o nosso amor

Quando eu te ligar
Não vá recusar
Não deixe chamar até cair
Pois a pulsação do meu coração
É o seu amor
Não me deixe morrer
Atende aí bebê
Não me deixe morrer
Atende aí bebê

Me deixa ser o amor da sua vida
Mais uma vez

Não deixa o seu orgulho ser maior
Que o nosso amor
Que o nosso amor

Quando eu te ligar
Não vá recusar
Não deixe chamar até cair
Pois a pulsação do meu coração
É o seu amor
Não me deixe morrer
Atende aí bebê
Não me deixe morrer
Atende aí bebê"
24,Raphaela Santos,Seja Feliz,"Então vai ser assim
A gente vai se despedir
Um pra um lado e um pro outro
Então esse é o meu troco

De tudo que te fiz
Se fui mau ou se te fiz feliz
Me perdoa foi meu jeito
Atrapalhado de te amar

Só vou me lembrar
As nossas madrugadas
Dando risadas
Depois de se amar

Vou lembrar de você
Assistindo TV
Deitado no meu peito
Eu sentindo seu cheiro

Seja feliz sem mim
Eu não serei sem você
E pode apostar
Que eu nunca vou te esquecer

Seja feliz sem mim
Eu não serei sem você
E pode apostar
Que eu nunca vou te esquecer

Vou lembrar, vou lembrar, vou lembrar de você
Vou lembrar, vou lembrar, nunca vou te esquecer"
25,Raphaela Santos,Seu Mentiroso,"Pra que eu fui prestar
Se homem só gosta de mulher que não presta
Mulher safada pra você é a certa
Tu merece um chifre bem nessa testa

Pra que eu fui amar
Me entregar a esse amor vagabundo
Eu era tua e tu de todo mundo
Sai daqui com seu beijo sujo

Pra que prometer o céu e depois me jogar no chão?
Pra que prometer amor, se era só ilusão?

Seu mentiroso
Cachorro sem coração
Tu nunca me amou
Nunca foi amor
Era só tesão
Era só colchão

Seu mentiroso
Cachorro sem coração
Tu nunca me amou
Nunca foi amor
Era só tesão
Era só colchão

Pra que eu fui prestar
Se homem só gosta de mulher que não presta
Mulher safada pra você é a certa
Tu merece um chifre bem nessa testa

Pra que eu fui amar
Me entregar a esse amor vagabundo
Eu era tua e tu de todo mundo
Sai daqui com seu beijo sujo
Pra que prometer o céu e depois me jogar no chão?
Pra que prometer amor, se era só ilusão?

Seu mentiroso
Cachorro sem coração
Tu nunca me amou
Nunca foi amor
Era só tesão
Era só colchão

Seu mentiroso
Cachorro sem coração
Tu nunca me amou
Nunca foi amor
Era só tesão
Era só colchão

Seu mentiroso
Cachorro sem coração
Tu nunca me amou
Nunca foi amor
Era só tesão
Era só colchão

Seu mentiroso
Cachorro sem coração
Tu nunca me amou
Nunca foi amor
Era só tesão
Era só colchão"
26,Mc Roginho,Preta do Cabelo Cacheado,"Preta do cabelo cacheado, da cor do pecado
Hoje eu acordei meio bolado
E ainda estou no quarto, olhando o seu retrato
Lembrando do nosso amor do passado

Beijos e abraços, carícias e amassos
Foi muito lindo, tenho que contar um relato
Nós dois pelados dentro do carro
Com o vidro fechado e o som tocando baixo

De lado, de quatro
Vai amorzinho, sente a fúria do meu amasso
De lado, de quatro
É tu deixando e o pai te dando aquele trato

Beijos e abraços, carícias e amassos
Foi muito lindo, tenho que contar um relato
Nós dois pelados dentro do carro
Com o vidro fechado e o som tocando baixo

De lado, de quatro
Vai amorzinho, sente a fúria do meu amasso
De lado, de quatro
É tu deixando e o pai te dando aquele trato
Preta do cabelo cacheado, da cor do pecado
Hoje eu acordei meio bolado
E ainda estou no quarto, olhando o seu retrato
Lembrando do nosso amor do passado

Beijos e abraços, carícias e amassos
Foi muito lindo, tenho que contar um relato
Nós dois pelados dentro do carro
Com o vidro fechado e o som tocando baixo

De lado, de quatro
Vai amorzinho, sente a fúria do meu amasso
De lado, de quatro
É tu deixando e o pai te dando aquele trato

Beijos e abraços, carícias e amassos
Foi muito lindo, tenho que contar um relato
Nós dois pelados dentro do carro
Com o vidro fechado e o som tocando baixo

De lado, de quatro
Vai amorzinho, sente a fúria do meu amasso
De lado, de quatro
É tu deixando e o pai te dando aquele trato"
27,Mc Roginho,Dei Fuga,"Faz uma conta que eu te sigo
Tava querendo e hoje eu vou sair contigo

Tranquilo é tudo no sigilo
Também namoro então tem que ser escondido
Se arruma que eu escolho o pico
Fui eu que te liguei de número desconhecido

Abaixa o banco e sobe o vidro
Menina maluca, viciada no perigo
E tá pedindo

Eu dei fuga
Quando quer prazer liga pra mim na madruga
Pede com carinho que eu satisfaço as loucuras
Gosta de se envolver
E toda noite me usa
Me abusa

Eu dei fuga
Quando quer prazer liga pra mim na madruga
Pede com carrinho que eu satisfaço as loucuras
Gosta de se envolver
E toda noite me usa
Me abusa"
28,Mc Roginho,Bebendo Pra Te Esquecer,"Já faz um tempo
Que eu tô bebendo
Tentando te esquecer

Mas tá tão difícil
Tá doendo aqui dentro
Meu coração tá sofrendo

Mas tenta me esquecer
Eu sei que vai doer
Procure em outros braços
É isso que eu vou fazer
Mas depois disso tudo
Ainda sofro muito

Que eu tô bebendo
Pra te esquecer
Mas toda vez que bebo
Eu penso em você

Tá doendo demais
Volta vai, volta
Volta, volta, volta vai

Que eu tô bebendo
Pra te esquecer
Mas toda vez que bebo
Eu penso em você

Tá doendo demais
Volta vai, volta
Volta, volta, volta vai"
29,MC Thayk,Cenas de Amor,"Eu só quero hoje à noite
Você na minha cama
Às vezes eu estou no meu mundo, tu me acalma, me ganha
Vamo acabar com esse drama, apagar essa chama
Deixa o teu passado lá fora quero viver o agora

Esse travesseiro, já viu muita cena de amor
Quantas vezes você relaxou?
Fizemos cenas de amor
O jeito que tu me tocou, meu corpo se arrepiou
Lembro de tudo que rolou

Não quero viver só uma noite
Nem mesmo viver só o agora
Quero viver uns planos e que todos saibam que
Ficamos toda hora

Não adianta só se arrepiar
Se quando sai, com outras quer se enrolar
Prometa mudar e faça que dure a gente
Se não aqui acaba o nosso pra sempre

Esse travesseiro, já viu muita cena de amor
Quantas vezes você relaxou?
Fizemos cenas de amor
O jeito que tu me tocou, meu corpo se arrepiou
Lembro de tudo que rolou

Não quero viver só uma noite
Nem mesmo viver só o agora
Quantas vezes você relaxou?
Fizemos cenas de amor
O jeito que tu me tocou
Meu corpo se arrepiou
Lembro de tudo que rolou"
30,MC Thayk,Perigos Noturnos,"(É o Thayk, um maloqueiro apaixonado)

Poste apagado, ruas escuras
Lá vem ela, iluminando a favela
Amoleceu meu coração de pedra, ah

Ah, essas ruas me deixou tão frio
Mas você mudou o meu perfil
Hoje vou te trazer uma flor
Os olhos vermelhos é a cor do amor, amor

Eu saí dessa vida louca
Virei dono da tua boca
Me falou que quer um lance profundo
Viver longe dos perigos noturnos

Eu saí dessa vida louca
Virei dono da tua boca
Me falou que quer um lance profundo
Viver longe dos perigos noturnos

Poste apagado, ruas escuras
Lá vem ela, iluminando a favela
Amoleceu meu coração de pedra, ah

Ah, essas ruas me deixou tão frio
Mas você mudou o meu perfil
Hoje vou te trazer uma flor
Os olhos vermelhos é a cor do amor, amor

Eu saí dessa vida louca
Virei dono da tua boca
Me falou que quer um lance profundo
Viver longe dos perigos noturnos

Eu saí dessa vida louca
Virei dono da tua boca
Me falou que quer um lance profundo
Viver longe dos perigos noturnos
Eu saí dessa vida louca
Virei dono da tua boca
Me falou que quer um lance profundo
Viver longe dos perigos noturnos"
31,MC Thayk,Baratino,"Altas ideinha já rolou
Entre nós dois só você não quer falar
Sei que todo mundo se ligou
Só você que não quer enxergar

Baratino com a colega
Eu te encontrei no brega
Geral perguntando se tu tá comigo
Na moral paguei de doido
Te perguntaram de novo
E você respondeu que era só amigo

Para de fingir e diz logo que sou teu
Para de mentir e diz que tu é só minha
Pensa bem antes que eu siga meu caminho
Pra viver de ilusão é melhor tá sozinho

Para de mentir e diz logo que sou teu
Para de fingir e diz que tu é só minha
Pensa bem antes que eu sigo meu caminho, pra viver de ilusão é melhor tá sozinho

(Para de mentir e diz logo que sou teu
Para de fingir e diz que tu é só minha
Pensa bem antes que eu sigo meu caminho, pra viver de ilusão é melhor tá sozinho)

Para de mentir e diz logo que sou teu
Para de fingir e diz que tu é só minha
Pensa bem antes que eu sigo meu caminho, pra viver de ilusão é melhor tá sozinho"
32,Noara Marques,Fala Que Não Ama,"Pra todo mundo cê fala que eu já sou passado
Mas quando tá sem roupa
No meu quarto é ao contrário

Diz pros amigos que eu fui o seu maior erro
Mas não fala isso com a língua no meu beijo
Eu quero ver postar suas fotos chorando
Pedindo pra voltar, dizendo eu te amo

Fala que não ama
Mas bebe me chama
Fala que me odeia
Mas quer minha cama
Fala que eu sou a pessoa errada
Mas liga pra errar gostoso toda madrugada"
33,Banda Sentimentos,Clichê,"Pode parecer clichê
Mas amor eu e você como a lua é o mar
Tem que acontecer (tem que acontecer)
Se a gente se perder
Eu não quero nem saber
Esse amor tá no ar, tem que acontecer (tem que acontecer)
Vem que igual nós dois não tem
E você faz tão bem, faz tão bem
Que eu tô querendo te roubar um beijo
E, você é louco por mim quando a gente se encontra é assim

Não tem fim
Não tem fim
Esse é o nosso desejo
Quando a noite chegar vou pegar você
Se prepara que hoje eu quero fazer
Só pra te enlouquecer
Só pra te enlouquecer
Quando a noite chegar vou pegar você
Se prepara que hoje eu quero fazer
Só pra te enlouquecer
Só pra satisfazer
Meu ego

Pode parecer clichê
Mas amor eu e você como a lua é o mar
Tem que acontecer (tem que acontecer)
Se a gente se perder
Eu não quero nem saber
Esse amor tá no ar, tem que acontecer
E vai acontecer
Então vem que e igual nós dois não tem
E você faz tão bem
Faz tão bem
Que eu tô querendo te roubar um beijo
E, você é doida por mim
Quando a gente se encontra
É assim
Não tem fim, não tem fim
Esse é o nosso desejo
Quando a noite chegar vou pegar você
Se prepara que hoje eu quero fazer
Só pra te enlouquecer
Só pra te enlouquecer
Quando a noite chegar vou pegar você
Se prepara que hoje eu quero fazer
Só pra te enlouquecer
Só pra satisfazer
Meu ego
Eu vou satisfazer
Meu ego
Deixa eu satisfazer
Meu ego
Eu vou pegar você
Meu ego"
34,Banda Playback,Não Era Pra Gostar de Mim,"Me diz o que aconteceu
O que eu te fiz pra me tratar assim?
Hoje eu ouvi de um amigo meu
Que você estava a sofrer

Eu te olhei de canto, te observei chorando
Não imaginava que você ia de mim gostar
Eu não tentei fazer com que me amasse

Mas não vai mais rolar

O meu coração não tem espaço pra amar
Mas eu não quero te fazer chorar
Não era pra gostar de mim
(Gostar de mim)
Gostar de mim

Abre os olhos, sei tudo pode mudar
Espera o tempo ele vai te mostrar
Não era pra gostar de mim
(Gostar de mim)
Gostar de mim

Por que você não me atendeu?
Eu te liguei mas você não quis saber
Eu me preocupo com você
Não sou teu bem, mas não te quero mal

Eu te olhei de canto te observei chorando
Não imaginava que você ia de mim gostar
Eu não tentei fazer com que me amasse

Mas não vai mais rolar

O meu coração não tem espaço pra amar
Mas eu não quero te fazer chorar
Não era pra gostar de mim
(Gostar de mim)
Gostar de mim
Abre os olhos sei tudo pode mudar
Espera o tempo ele vai te mostrar
Não era pra gostar de mim
(Gostar de mim)
Gostar de mim

Eu não fiz por mal não quis brincar
Com teu sentimento
Não quero brincar com o teu coração
Então deixa o tempo dizer

(O meu coração não tem espaço pra amar
Mas eu não quero te fazer chorar)
Não era pra gostar de mim
(Gostar de mim)
Gostar de mim

Abre os olhos sei tudo pode mudar
Espera o tempo ele vai te mostrar
Não era pra gostar de mim
(Gostar de mim)
Gostar de mim

Oh, não não não
Não era pra gostar de mim
(Gostar de mim)
Gostar de mim"
35,Priscila Senna,Sorte,"Tenho sorte de conhecer
Sorte de amar você
Você é puro como o ar
Que eu preciso pra respirar

Minha vida, meu amor
Eu tenho sorte, você chegou
Você é o presente que Deus me deu
Te amo tanto, anjo meu

Tenho sorte de te conhecer
Sorte de poder amar você
Sorte de ficar ao lado teu

Sorte de beijar a sua boca
Sorte de tirar a sua roupa
Sorte de acordar ao lado teu

Eu não quero te perder
Dou minha vida por você
Agradeço por te ter
Eu sempre vou amar você

Tudo que eu vejo lembra você
O teu sorriso me faz viver
Viver contigo é bom demais
Que sorte eu tenho, meu rapaz

Tenho sorte de te conhecer
Sorte de poder amar você
Sorte de ficar ao lado teu

Sorte de beijar a sua boca
Sorte de tirar a sua roupa
Sorte de acordar ao lado teu

Quero o mundo ao lado teu
Dividir os sonhos meus
Você não vai se arrepender
Eu prometo pra você
Que te amarei
Que cuidarei desse nosso amor

Tenho sorte de te conhecer
Sorte de poder amar você
Sorte de ficar ao lado teu

Sorte de beijar a sua boca
Sorte de tirar a sua roupa
Sorte de acordar ao lado teu"
36,Banda Sedutora,Apaga a Luz e Vem Deitar,"Pra quê brigar, se a gente nunca larga mesmo
Pra quê todo esse desespero, a gente sabe que na hora H
Você desfaz as malas e tudo volta pro lugar
Limpa esse rosto, engole o choro, apaga a luz e vem deitar
Que o melhor que a gente faz é se amar

Apaga a luz e vem deitar, desconta a raiva na minha boca
Você sabe no final das contas o resultado é mais amor e menos roupa
Apaga a luz e vem deitar, a gente faz amor a noite toda
Parar logo com essa briga boba, com mais amor e menos roupa"
37,Banda Sedutora,Bateu a Química,"Me olhou, te olhei
Paquerou, paquerei, daí então bateu a química
Me beijou, gamei
Me entreguei em teus braços, já estava perdida
Mas, no começo tudo é flores, aí veio o ciúmes e a gente brigou
Você me pediu um tempo, mas nem o tempo acaba uma história de amor

Estou sofrendo por amor
Estou com raiva desse amor, estou chorando por amor
Mas, é esse amor que eu quero aqui, é você que eu quero pra mim

Me olhou, te olhei
Paquerou, paquerei, daí então bateu a química
Me beijou, gamei
Me entreguei em teus braços, já estava perdida
Mas, no começo tudo é flores, aí vem o ciúmes e a gente brigou
Você me pediu um tempo mas, nem o tempo acaba uma história de amor

Estou sofrendo por amor
Estou com raiva desse amor, estou chorando por amor
Mas, é esse amor que eu quero aqui, é você que eu quero pra mim

Mas, no começo tudo é flores, aí vem o ciúmes e a gente brigou
Você me pediu um tempo mas, nem o tempo acaba uma história de amor

Estou sofrendo por amor, estou com raiva desse amor, estou chorando por amor
Mas, é esse amor que eu quero aqui, é você que eu quero pra mim

Me olhou, te olhei
Paquerou, paquerei, daí então bateu a química"
38,Banda Sedutora,Mas Não Acabou,"A gente nunca vai deixar de se amar
Você vai ser pra sempre o meu grande amor
É só uma fase, mas vamos superar
O nosso amor apenas só começou
Dá um tempo só pra a gente pensar
Mas não me esquece nesse tempo, amor
Lembra que você vai ter que voltar
Pra colher os frutos que a gente plantou

Não chora quando a saudade for te procurar
Não importa a hora, nem lugar, me liga que eu vou te encontrar
Ai você vai ver, que não há distância que separe eu e você

O nosso amor não vai acabar assim, não, não, não
Você me ama e está marcado em mim, no meu coração
A gente briga, mas casal é assim, meu amor
Sempre rola essas fases ruins, mas não acabou
Mas não acabou, mas não acabou"
39,Banda Sedutora,Nossa Preferida,"Sempre que você quiser lembrar de mim
Olha bem no fundo do seu coração
Pegue o CD na prateleira
Põe a nossa preferida sertaneja

Sempre que você quiser lembrar de mim
Deixe tomar conta do ambiente a emoção
Olhe para nossa foto em paris
Do tempo que a gente não sabia e era feliz

Nunca se esqueça, eu também lembro de você
Num comercial, como um modelo na TV
De toda sua beleza, que era estonteante
Da cor da sua pele, dos seus cabelos grandes

E se quiser voltar pra reviver tudo outra vez
Você tem meu telefone, o endereço e talvez
Mais cedo ou mais tarde a gente se encontra na rua
E aí você vai ver que a vontade é minha e sua

Não queira barrar o que é pra acontecer
Só Deus, eu e você vamos saber
Quando a gente se encontrar
E bater à realidade, o que vai ser?

Não queira pensar em dizer não
Seu corpo frio eu esquento no colchão
É só querer que eu tô disposta a te trazer felicidade
E dar luz à sua escuridão"
40,Banda Sedutora,Odeio Amar Você,"Você tem o que eu preciso
Mas com esse seu jeitinho me tira do sério
Gosta de brincar comigo
Me falando segredinhos depois faz mistério

Dá pra parar de me enrolar
Ou você me ama ou para de brincar
Eu não sou mais criança pra ficar com esse jogo
Já tô ficando boba e você tá ficando louco

Mas eu admito, eu tenho que dizer
Garoto eu odeio, eu odeio amar você
Mas eu admito, eu tenho que dizer
Garoto eu odeio, eu odeio amar você

E o que é que eu posso fazer?
Se eu amo você
E o que é que eu posso fazer?
Se de um jeito ou de outro eu preciso ter você
E o que é que eu posso fazer?
Se eu amo você
E o que é que eu posso fazer?
Se de um jeito ou de outro eu preciso ter você"
41,Banda Sedutora,Ele Sim Me Ama,"Dessa vez me libertei
Não preciso mais sofrer
Já passou o tempo que eu amei, amei você

Não foi como desejou
Você vai se surpreender
Encontrei alguém melhor que você

Que não me proíbe de falar com ninguém
Até a roupa uso a que me faz bem
Ele tem tudo que você não tem

Ele sim me ama
Tem o que eu preciso
Me dá prazer na cama
Depois fala comigo
Estou realizada
Nosso amor nasceu
E agora você chora pelo que perdeu
Sinto muito é adeus
É adeus, é adeus"
42,Raphaela Santos,Teu Amigo Cuidou,"Eu lembro que quando me deixou
Eu bebi por você
O coração 'tava sofrendo
Não parava de doer
Eu me humilhei demais
Correndo atrás de você
Porque seu beijo vale a pena
Quem não vale é você
E agora que eu superei
Se repete a cena outra vez
Você me pede pra voltar
Dizendo que vai mudar
Amor não te quero mais
É tarde pra se arrepender
Enquanto tu errou comigo
O teu amigo cuidou por você
Amor não te quero mais
É tarde pra se arrepender
Enquanto tu errou comigo
O teu amigo, ele
Ele cuidou (cuidou, cuidou, cuidou)
Ele cuidou
Tá lindo Fortaleza, eu quero ouvir só vocês
Ele cuidou, cuidou, cuidou
Ele cuidou, cuidou, cuidou
Ele cuidou
Muito melhor que você

E agora que eu superei
Se repete a cena outra vez
Você me pede pra voltar, e o que?
Dizendo que vai mudar
Amor não te quero mais
É tarde pra se arrepender
Enquanto tu errou comigo
O teu amigo cuidou por você
Amor não te quero mais
É tarde pra se arrepender
Enquanto tu errou comigo
O teu amigo, ele
Ele cuidou, cuidou, cuidou
Ele cuidou, cuidou, cuidou
Ele cuidou
Cuidou, muito melhor que você
Muito melhor que você"
43,Mc Tocha,Será,"Será?
Que as brigas vão continuar?
Será?
Que tudo vai passar?
Onde isso vai parar?

Será que você vai continuar?
Por ai a me difamar?
Dessa vez não vai rolar

Eu tô na duvida se eu faço isso mesmo
Meu coração tá vivendo um pesadelo
Será que é isso que eu mereço mesmo?
Será que é isso que eu mereço mesmo?

Ahh, que mágoa do meu quarto e do meu cobertor
A cama tá do jeito que você deixou
Não volto pra você mas apareço
Qualquer dia pra fazer amor

Ahh, que mágoa do meu quarto e do meu cobertor
A cama tá do jeito que você deixou
Não volto pra você mas apareço
Qualquer dia pra fazer amor

Eu tô na duvida se eu faço isso mesmo
Meu coração tá vivendo um pesadelo
Será que é isso que eu mereço mesmo?
Será que é isso que eu mereço mesmo?

Ahh, que mágoa do meu quarto e do meu cobertor
A cama tá do jeito que você deixou
Não volto pra você mas apareço
Qualquer dia pra fazer amor

Ahh, que mágoa do meu quarto e do meu cobertor
A cama tá do jeito que você deixou
Não volto pra você mas apareço
Qualquer dia pra fazer amor"
44,Valquiria Santana,Sempre Volto,"Eu já perdi as contas das chances que eu te dei
Você nunca mudou, mas, por nós, eu tentei
E sempre volto, volto, pra ti volto, volto
Eu sempre volto, volto, pra ti volto, volto (pra ti)

Será que um dia vai mudar?
Eu nunca deixarei de te amar
Não importa o que vão falar
Eu nunca deixarei de te amar

Sempre volto, volto, pra ti volto, volto
Eu sempre volto, volto, pra ti volto, volto

Sempre volto, volto, pra ti volto, volto
Eu sempre volto, volto, pra ti volto, volto (pra ti)

Será que um dia vai mudar?
Eu nunca deixarei de te amar
Não importa o que vão falar
Eu nunca deixarei de te amar

Sempre volto, volto, pra ti volto, volto
Eu sempre volto, volto, pra ti volto, volto"
45,Ester Moraes,Frase Decorada,"Desculpa por chegar e falar assim do nada
É que eu tô com toda frase decorada
Queria te dizer que não aguento mais
Ficar distante assim já não me satisfaz

Sinto falta do teu toque carinhoso
Me alucina esse seu jeito tão manhoso
Sei que pros outros pode parecer clichê
Mais pra ser feliz por mim só basta ter você

Se eu te machuquei por favor me perdoa
A traição na hora foi uma coisa boa
Se eu soubesse tudo que ia causar
Eu pensaria só pra não te machucar

Eu sei que agora deve ser bem tarde
E que de mim você já não sente saudade
Por um momento achei que ia melhorar
Mais na tua ausência eu só consigo chorar

Se eu te machuquei por favor me perdoa
A traição na hora foi uma coisa boa
Se eu soubesse tudo que ia causar
Eu pensaria só pra não te machucar

Eu sei que agora deve ser bem tarde
E que de mim você já não sente saudades
Por um momento achei que ia melhorar
Mais na tua ausência eu só consigo chorar

Desculpe por chegar e falar assim do nada
É que eu tô com toda frase decorada
Queria te dizer que não aguento mais
Ficar distante assim já não me satisfaz

Eu sinto falta do teu toque carinhoso
Me alucina esse teu jeito tão manhoso
Sei que pros outros pode parecer clichê
Mais pra ser feliz por mim só basta ter você

Se eu te machuquei por favor me perdoa
A traição na hora foi uma coisa boa
Se eu soubesse tudo que ia causar
Eu pensaria só pra não te machucar

Eu sei que agora deve ser bem tarde
E que de mim você já não sente saudade
Por um momento achei que ia melhorar
Mais na tua ausência eu só consigo chorar

Se eu te machuquei por favor me perdoa
A traição na hora foi uma coisa boa
Se eu soubesse tudo que ia causar
Eu pensaria só pra não te machucar

Eu sei que agora deve ser bem tarde
E que de mim você já não sente saudade
Por um momento achei que ia melhorar
Mais na tua ausência eu só consigo chorar"
46,Banda Sentimentos,Lençol,"Hoje eu fiz diferente
Luzinha vermelha no teto pra você dançar
A gente acende
E deixa a fumaça dá o clima pra gente ficar
Só nós, a sós, tua voz
Sem mais, quer mais

O meu lençol tá viciado no teu corpo
O jeito que cê senta, nossa, como eu fico louco
Tô com saudade
Aí que maldade
Pura sacanagem, muita sacanagem

O meu lençol tá viciado no teu corpo
O jeito que eu sento eu sei que te deixo louco
Tô com saudade
Aí que maldade
Muita sacanagem, pura sacanagem"
47,Lekinho Campos,Some,"É diferente o jeito que ela me olha
É excitante o jeito que ela rebola
Eu não entendo porque me deixou assim
Tava pensando que você nasceu pra mim

E a cada passo que eu dou sem tá com ela
Me bate a falta do nosso amor de novela
Sempre me pego debruçado na janela
Ouvindo a voz e sentindo o cheirinho dela

Some (me sinto só)
Me esquece, some (não me abandona)
Você não foi homem (sinto saudade)
Melhor parar (da gente na cama)

Some, (me sinto só)
Me esquece, some (não me abandona)
Você não foi homem (Sinto saudade)
É melhor parar (da gente na cama)

E o teu beijo, o teu cheiro
O teu corpo suado
Não vai mais sentir o meu
Eu sinto a falta do teu toque
Do abraçado apertado
Mas foi você quem perdeu

Mas minha vida é ficar junto de ti
Que eu te amo é verdade, eu não menti
Eu não consigo mais viver sem ter você aqui

Some (me sinto só)
Me esquece, some (não me abandona)
Você não foi homem (sinto saudade)
Melhor parar (da gente na cama)

Some, (me sinto só)
Me esquece, some (não me abandona)
Você não foi homem (Sinto saudade)
É melhor parar (da gente na cama)

E o teu beijo, o teu cheiro
O teu corpo suado
Não vai mais sentir o meu
Eu sinto a falta do teu toque
Do abraçado apertado
Mas foi você quem perdeu

Mas minha vida é ficar junto de ti
Que eu te amo é verdade, eu não menti
Eu não consigo mais viver sem ter você aqui

Some (me sinto só)
Me esquece, some (não me abandona)
Você não foi homem (sinto saudade)
É melhor parar (da gente na cama)

Some, (me sinto só)
Me esquece, some (não me abandona)
Você não foi homem (Sinto saudade)
Melhor parar (da gente na cama)"
48,MC Barão,Frases Decoradas,"Os cinco minutos mais longos de todo minha vida aquela ligação
Você falando quero o fim da nossa relação
E aquelas coisas tão lindas que todo esse tempo você me falava
Não quero acreditar que eram só frases decoradas

Não fala assim, o meu amor foi real
Só que a nossa história passou do ponto final
Nada do que eu falei, era frase decorada
Também pensei que era pra sempre
Mais pra sempre, sempre acaba
Então não chora, vai ser melhor assim

Vai ser melhor assim só se for pra você
Porque pra mim melhor é ficar com você
Quer que eu desenhe, ou será que deu pra você entender

Prefiro terminar do que te iludir
Pois infeliz não posso te fazer feliz
Quando essas lágrimas secarem não vou está mais aqui
Tchau vou embora, seja feliz"
49,Banda a Favorita,Melhor Ficar,"E briga, xinga e joga tudo fora
Me deixa num segundo vai embora
Reclama sobre coisas sem sentido
Faz coisas que não faz nem com o inimigo

Mas depois nem parece que brigou
E no fim, tá nós dois fazendo amor

Se não consegue viver sem mim
Então porque me mandas embora
Sabe que depois vai ligar
Pedindo pra voltar
Se não se garante porque
Manda eu me afastar de você
Sabe que depois vai chorar
Querendo me amar

Melhor ficar"
50,Banda a Favorita,Foi Logo Amor,"A Favorita

Você me fez voar
Sem sair do chão
Seu cheiro invadiu meu ar
O coração foi a mil

Foi logo amor
Quando te beijei
Quando te amei
Gamei

Foi logo amor
Quando te beijei
Quando te amei
Gamei

Foi logo amor
Foi logo amor
Foi logo amor

Quando te beijei
Quando te amei
Gamei
Foi logo amor

Foi logo amor"